title,description,descriptionHTML,summary,installs,minInstalls,realInstalls,score,ratings,reviews,histogram,price,free,currency,sale,saleTime,originalPrice,saleText,offersIAP,inAppProductPrice,developer,developerId,developerEmail,developerWebsite,developerAddress,privacyPolicy,genre,genreId,categories,icon,headerImage,screenshots,video,videoImage,contentRating,contentRatingDescription,adSupported,containsAds,released,lastUpdatedOn,updated,version,comments,appId,url
ChatGPT,"Introducing ChatGPT for Android: OpenAI’s latest advancements at your fingertips.

This official app is free, syncs your history across devices, and brings you the latest from OpenAI, including the new image generator.

With ChatGPT in your pocket, you’ll find:

· Image generation–Generate original images from a description, or transform existing ones with a few simple words. 
· Advanced Voice Mode–Tap the soundwave icon to have a real-time convo on the go. Settle a dinner table debate, or practice a new language. 
· Photo upload—Snap or upload a picture to transcribe a handwritten recipe or get info about a landmark. 
· Creative inspiration—Find custom birthday gift ideas or create a personalized greeting card.
· Tailored advice—Talk through a tough situation, ask for a detailed travel itinerary, or get help crafting the perfect response. 
· Personalized learning—Explain electricity to a dinosaur-loving kid or easily brush up yourself on a historic event.
· Professional input—Brainstorm marketing copy or map out a business plan.
· Instant answers—Get recipe suggestions when you only have a few ingredients.

Join hundreds of millions of users and try the app captivating the world. Download ChatGPT today.

Terms of service & privacy policy:
https://openai.com/policies/terms-of-use
https://openai.com/policies/privacy-policy","Introducing ChatGPT for Android: OpenAI’s latest advancements at your fingertips.<br><br>This official app is free, syncs your history across devices, and brings you the latest from OpenAI, including the new image generator.<br><br>With ChatGPT in your pocket, you’ll find:<br><br>· Image generation–Generate original images from a description, or transform existing ones with a few simple words. <br>· Advanced Voice Mode–Tap the soundwave icon to have a real-time convo on the go. Settle a dinner table debate, or practice a new language. <br>· Photo upload—Snap or upload a picture to transcribe a handwritten recipe or get info about a landmark. <br>· Creative inspiration—Find custom birthday gift ideas or create a personalized greeting card.<br>· Tailored advice—Talk through a tough situation, ask for a detailed travel itinerary, or get help crafting the perfect response. <br>· Personalized learning—Explain electricity to a dinosaur-loving kid or easily brush up yourself on a historic event.<br>· Professional input—Brainstorm marketing copy or map out a business plan.<br>· Instant answers—Get recipe suggestions when you only have a few ingredients.<br><br>Join hundreds of millions of users and try the app captivating the world. Download ChatGPT today.<br><br>Terms of service &amp; privacy policy:<br>https://openai.com/policies/terms-of-use<br>https://openai.com/policies/privacy-policy",The official app by OpenAI,"500,000,000+",500000000,941743241,4.7645273,34950445,135547,"[906041, 244055, 723689, 2425991, 30650590]",0,True,USD,False,,,,True,$19.99 - $200.00 per item,OpenAI,7577165439232992817,support@openai.com,https://help.openai.com,,https://openai.com/policies/privacy-policy,Productivity,PRODUCTIVITY,"[{'name': 'Productivity', 'id': 'PRODUCTIVITY'}]",https://play-lh.googleusercontent.com/lmG9HlI0awHie0cyBieWXeNjpyXvHPwDBb8MNOVIyp0P8VEh95AiBHtUZSDVR3HLe3A,https://play-lh.googleusercontent.com/ZUHDpTlKqnmnqQJTgJIy2hdrYy0oqhF7v3pbjMcoYDjBr843HxPzQnvZU6TczCZPRwg,"['https://play-lh.googleusercontent.com/kos-01Oyvq1Ew83cwHSLidZBFZY9VUHRvPulIDqRQm2PybvdW0N8VHaXNFw5Y9E7eA', 'https://play-lh.googleusercontent.com/M6hPP-7qKvIWOB-MsS7JGIgPdejx2UO-xmCo3Y70ktq0vk4G5EMR0JVbnM6UwK69edJY', 'https://play-lh.googleusercontent.com/zYxgV8u7Y8JpFeXsOkm8vld6dCw03D659pkYsNCsraAfTEFqOcrwNdX7192x5vTX-g', 'https://play-lh.googleusercontent.com/j7tOkeAVtthcKMd11BGtMGHB-N2TPuBLkGNuI172amq1eq8la3NGxZYYcqruB8GQeefY', 'https://play-lh.googleusercontent.com/5leQ0VF54DWJiCzkij2fhuU8ALW-Zl5l-CQSpl-wsKvicMYBqqB5h67RkbP40jBKSENW', 'https://play-lh.googleusercontent.com/8LOboIAHVpWBeyUjocr3ktLeof_XN8wUhImoIhUTZln5ELXXmqXBBYtBbBhIcEz31Tk', 'https://play-lh.googleusercontent.com/uQ4VYR2_YmYPgmYpf8L1cviK3VmCZjIv_K6hgMrp9mvZXR0HddQOydkVX4XHnMH6M_5g', 'https://play-lh.googleusercontent.com/MAmrL6CM5NcISFNZojD_SP-e-fYeosx4l2AdiyRamgAsHljWP-smIm1Xll7JpaCdzaJ7', 'https://play-lh.googleusercontent.com/8v8EL9OmxRhcPr3n8aE7TQT9S0-775Y7wcghEGn3PPrPjIn7u59wUIbxwjovUzob9xo', 'https://play-lh.googleusercontent.com/QcaM30qp8PZJ1cok6BnAq0sbif3vxCwwXgEMR10QTQgJSD1qaoK3iCzoDV8y9eMygrE', 'https://play-lh.googleusercontent.com/1EwLhhKG5gh-Bibi45mDV3Fsh1kn2Gl1WFcVI7dDPymFoteZL4ZLDAF4QRFdfERGsKI', 'https://play-lh.googleusercontent.com/wP4XABW-r0XggO9fu1fAAHy8VKAQuvem3BAtEs-gOJKjRAVpR5PlTk2RWoPtgml47tU', 'https://play-lh.googleusercontent.com/iAa2x1iHSNh62gOA-5iBXkYRXLGKvtqAaysonaXw45caWTMJyK-8Ozy54pFChjAVWQI', 'https://play-lh.googleusercontent.com/P1nnPmTYRq3rtfZaup4UK2E1kkqzWa6sRxbk8MF06OqHWsIaRVdu_w3j5aSqz8VNGsg', 'https://play-lh.googleusercontent.com/IvWgG3894Pe-gIPGSBEslLOcaSH7b5WH2iPemwQffQs7TH1GTESUMsmwMbOkNiOz2q4', 'https://play-lh.googleusercontent.com/FNFHOm4iaLRUCJuUNwzXLmjk8_P57548SqDjpI19OVHlVpobSYCbqswlsV1hvo8Y5tQu', 'https://play-lh.googleusercontent.com/uD5KcDNegJWUuAWrDAj9t6alMyRQEpLuISe7g7STuW0m5cnAcwsFnA43vccPJI8P-g', 'https://play-lh.googleusercontent.com/pTxS4HK-DMHYbEhUlujUaJXgOPSBzcN69dsat8zhsS_txYOiPoYI4JV1wKcC3ktDDKQ-']",,,Teen,Diverse Content: Discretion Advised,False,False,"Jul 21, 2023","Dec 26, 2025",1766800287,1.2025.350,[],com.openai.chatgpt,https://play.google.com/store/apps/details?id=com.openai.chatgpt&hl=en&gl=us
